{"cameraMode":{"drawMode":0,"name":"Shaded","section":"Shading Mode"},"sceneLighting":true,"audioPlay":false,"sceneViewState":{"m_AlwaysRefresh":false,"showFog":true,"showSkybox":true,"showFlares":true,"showImageEffects":true,"showParticleSystems":true,"showVisualEffectGraphs":true,"m_FxEnabled":true},"in2DMode":false,"pivot":{"x":0.7127375602722168,"y":9.950844764709473,"z":-146.33383178710938},"rotation":{"x":-0.0008049341267906129,"y":-0.9944243431091309,"z":-0.1072176918387413,"w":0.014951813966035843},"size":0.602662205696106,"orthographic":false}